"week","defib_type","n"
2023-05-07,"Multi guardian account defib",147
2023-05-07,"School defib",186
2023-05-07,"Single guardian account defib",242
2023-05-14,"Multi guardian account defib",155
2023-05-14,"School defib",165
2023-05-14,"Single guardian account defib",247
2023-05-21,"Multi guardian account defib",163
2023-05-21,"School defib",177
2023-05-21,"Single guardian account defib",268
2023-05-28,"Multi guardian account defib",87
2023-05-28,"School defib",24
2023-05-28,"Single guardian account defib",199
2023-06-04,"Multi guardian account defib",101
2023-06-04,"School defib",150
2023-06-04,"Single guardian account defib",241
2023-06-11,"Multi guardian account defib",101
2023-06-11,"School defib",168
2023-06-11,"Single guardian account defib",268
2023-06-18,"Multi guardian account defib",224
2023-06-18,"School defib",250
2023-06-18,"Single guardian account defib",270
2023-06-25,"Multi guardian account defib",255
2023-06-25,"School defib",290
2023-06-25,"Single guardian account defib",256
2023-07-02,"Multi guardian account defib",162
2023-07-02,"School defib",315
2023-07-02,"Single guardian account defib",359
2023-07-09,"Multi guardian account defib",161
2023-07-09,"School defib",277
2023-07-09,"Single guardian account defib",256
2023-07-16,"Multi guardian account defib",119
2023-07-16,"School defib",366
2023-07-16,"Single guardian account defib",298
2023-07-23,"Multi guardian account defib",152
2023-07-23,"School defib",109
2023-07-23,"Single guardian account defib",230
2023-07-30,"Multi guardian account defib",83
2023-07-30,"School defib",28
2023-07-30,"Single guardian account defib",217
2023-08-06,"Multi guardian account defib",82
2023-08-06,"School defib",33
2023-08-06,"Single guardian account defib",199
2023-08-13,"Multi guardian account defib",255
2023-08-13,"School defib",25
2023-08-13,"Single guardian account defib",193
2023-08-20,"Multi guardian account defib",69
2023-08-20,"School defib",39
2023-08-20,"Single guardian account defib",196
2023-08-27,"Multi guardian account defib",72
2023-08-27,"School defib",61
2023-08-27,"Single guardian account defib",209
2023-09-03,"Multi guardian account defib",78
2023-09-03,"School defib",206
2023-09-03,"Single guardian account defib",207
2023-09-10,"Multi guardian account defib",124
2023-09-10,"School defib",235
2023-09-10,"Single guardian account defib",212
2023-09-17,"Multi guardian account defib",114
2023-09-17,"School defib",236
2023-09-17,"Single guardian account defib",218
2023-09-24,"Multi guardian account defib",82
2023-09-24,"School defib",241
2023-09-24,"Single guardian account defib",217
2023-10-01,"Multi guardian account defib",113
2023-10-01,"School defib",185
2023-10-01,"Single guardian account defib",226
2023-10-08,"Multi guardian account defib",120
2023-10-08,"School defib",166
2023-10-08,"Single guardian account defib",216
2023-10-15,"Multi guardian account defib",109
2023-10-15,"School defib",120
2023-10-15,"Single guardian account defib",189
2023-10-22,"Multi guardian account defib",187
2023-10-22,"School defib",74
2023-10-22,"Single guardian account defib",196
2023-10-29,"Multi guardian account defib",155
2023-10-29,"School defib",90
2023-10-29,"Single guardian account defib",221
2023-11-05,"Multi guardian account defib",349
2023-11-05,"School defib",120
2023-11-05,"Single guardian account defib",186
2023-11-12,"Multi guardian account defib",86
2023-11-12,"School defib",96
2023-11-12,"Single guardian account defib",197
2023-11-19,"Multi guardian account defib",74
2023-11-19,"School defib",130
2023-11-19,"Single guardian account defib",258
2023-11-26,"Multi guardian account defib",101
2023-11-26,"School defib",112
2023-11-26,"Single guardian account defib",187
2023-12-03,"Multi guardian account defib",81
2023-12-03,"School defib",79
2023-12-03,"Single guardian account defib",228
2023-12-10,"Multi guardian account defib",123
2023-12-10,"School defib",88
2023-12-10,"Single guardian account defib",182
2023-12-17,"Multi guardian account defib",77
2023-12-17,"School defib",44
2023-12-17,"Single guardian account defib",196
2023-12-24,"Multi guardian account defib",19
2023-12-24,"School defib",2
2023-12-24,"Single guardian account defib",59
2023-12-31,"Multi guardian account defib",72
2023-12-31,"School defib",42
2023-12-31,"Single guardian account defib",153
2024-01-07,"Multi guardian account defib",70
2024-01-07,"School defib",94
2024-01-07,"Single guardian account defib",315
2024-01-14,"Multi guardian account defib",83
2024-01-14,"School defib",289
2024-01-14,"Single guardian account defib",269
2024-01-21,"Multi guardian account defib",109
2024-01-21,"School defib",315
2024-01-21,"Single guardian account defib",273
2024-01-28,"Multi guardian account defib",125
2024-01-28,"School defib",203
2024-01-28,"Single guardian account defib",281
2024-02-04,"Multi guardian account defib",61
2024-02-04,"School defib",143
2024-02-04,"Single guardian account defib",292
2024-02-11,"Multi guardian account defib",78
2024-02-11,"School defib",72
2024-02-11,"Single guardian account defib",242
2024-02-18,"Multi guardian account defib",205
2024-02-18,"School defib",116
2024-02-18,"Single guardian account defib",235
2024-02-25,"Multi guardian account defib",82
2024-02-25,"School defib",106
2024-02-25,"Single guardian account defib",298
2024-03-03,"Multi guardian account defib",190
2024-03-03,"School defib",94
2024-03-03,"Single guardian account defib",311
2024-03-10,"Multi guardian account defib",150
2024-03-10,"School defib",67
2024-03-10,"Single guardian account defib",313
2024-03-17,"Multi guardian account defib",115
2024-03-17,"School defib",64
2024-03-17,"Single guardian account defib",297
2024-03-24,"Multi guardian account defib",83
2024-03-24,"School defib",44
2024-03-24,"Single guardian account defib",247
2024-03-31,"Multi guardian account defib",54
2024-03-31,"School defib",10
2024-03-31,"Single guardian account defib",229
2024-04-07,"Multi guardian account defib",93
2024-04-07,"School defib",33
2024-04-07,"Single guardian account defib",268
2024-04-14,"Multi guardian account defib",177
2024-04-14,"School defib",65
2024-04-14,"Single guardian account defib",338
2024-04-21,"Multi guardian account defib",97
2024-04-21,"School defib",67
2024-04-21,"Single guardian account defib",305
2024-04-28,"Multi guardian account defib",67
2024-04-28,"School defib",58
2024-04-28,"Single guardian account defib",258
2024-05-05,"Multi guardian account defib",90
2024-05-05,"School defib",50
2024-05-05,"Single guardian account defib",265
2024-05-12,"Multi guardian account defib",96
2024-05-12,"School defib",74
2024-05-12,"Single guardian account defib",289
2024-05-19,"Multi guardian account defib",153
2024-05-19,"School defib",225
2024-05-19,"Single guardian account defib",274
2024-05-26,"Multi guardian account defib",138
2024-05-26,"School defib",30
2024-05-26,"Single guardian account defib",251
2024-06-02,"Multi guardian account defib",104
2024-06-02,"School defib",92
2024-06-02,"Single guardian account defib",260
2024-06-09,"Multi guardian account defib",88
2024-06-09,"School defib",125
2024-06-09,"Single guardian account defib",256
2024-06-16,"Multi guardian account defib",97
2024-06-16,"School defib",92
2024-06-16,"Single guardian account defib",262
2024-06-23,"Multi guardian account defib",65
2024-06-23,"School defib",55
2024-06-23,"Single guardian account defib",255
2024-06-30,"Multi guardian account defib",55
2024-06-30,"School defib",53
2024-06-30,"Single guardian account defib",252
2024-07-07,"Multi guardian account defib",67
2024-07-07,"School defib",63
2024-07-07,"Single guardian account defib",191
2024-07-14,"Multi guardian account defib",58
2024-07-14,"School defib",55
2024-07-14,"Single guardian account defib",216
2024-07-21,"Multi guardian account defib",60
2024-07-21,"School defib",23
2024-07-21,"Single guardian account defib",251
2024-07-28,"Multi guardian account defib",63
2024-07-28,"School defib",5
2024-07-28,"Single guardian account defib",200
2024-08-04,"Multi guardian account defib",39
2024-08-04,"School defib",20
2024-08-04,"Single guardian account defib",212
2024-08-11,"Multi guardian account defib",139
2024-08-11,"School defib",13
2024-08-11,"Single guardian account defib",192
2024-08-18,"Multi guardian account defib",85
2024-08-18,"School defib",19
2024-08-18,"Single guardian account defib",202
2024-08-25,"Multi guardian account defib",62
2024-08-25,"School defib",14
2024-08-25,"Single guardian account defib",159
2024-09-01,"Multi guardian account defib",62
2024-09-01,"School defib",58
2024-09-01,"Single guardian account defib",214
2024-09-08,"Multi guardian account defib",50
2024-09-08,"School defib",41
2024-09-08,"Single guardian account defib",152
